topic,word,score
0,sun,0.000
0,accountant,0.000
0,professional,0.000
0,also,0.000
0,peddie,0.000
0,society,0.000
0,member,0.000
0,sae,0.000
0,cornelius,0.000
0,production,0.000
1,peddie,0.013
1,professional,0.011
1,member,0.008
1,society,0.008
1,accountant,0.008
1,also,0.006
1,cornelius,0.006
1,sae,0.006
1,public,0.005
1,ibid,0.005
2,sun,0.000
2,peddie,0.000
2,professional,0.000
2,member,0.000
2,production,0.000
2,society,0.000
2,accountant,0.000
2,also,0.000
2,accounting,0.000
2,sung,0.000
3,sun,0.020
3,sung,0.010
3,production,0.009
3,accounting,0.007
3,yinghsing,0.007
3,one,0.006
3,used,0.006
3,catty,0.005
3,use,0.005
3,century,0.005